value,variants
EDOUARD,EDOUARD
FRANCOIS,FRANCOIS
LIAM,LIAM
ALEXEY,ALEXEY
ILYA,ILYA
MATTHIAS,MATTHIAS
TIAGO,TIAGO
STANISLAW,STANISLAW
PIOTR,PIOTR
DOLPH,DOLPH
AMIR,AMIR
CHRISTOPH,CHRISTOPH
JESS,JESS
DONOVAN,DONOVAN
ERIK,ERIK
TERENCE,TERENCE
ERIC,ERIC
CHRISTIAN,CHRISTIAN
JOHNNY,JOHNNY
HECTOR,HECTOR
ALFONSO,ALFONSO
HANK,HANK
EARL,EARL
CHRIS,CHRIS
HANS,HANS
RANDOLPH,RANDOLPH
MAX,MAX
JOEL,JOEL
NEAL,NEAL
KEENAN,KEENAN
HOLLIS,HOLLIS
MAC,MAC
BRANT,BRANT
JOEY,JOEY
HAROLD,HAROLD
BEN,BEN
NORMAN,NORMAN
EMORY,EMORY
WILBERT,WILBERT
BARNEY,BARNEY
ANTONE,ANTONE
RICHARD,RICHARD
CHRISTOPER,CHRISTOPER
ANTONY,ANTONY
CLEMENT,CLEMENT
JACKSON,JACKSON
EDGAR,EDGAR
PIERRE,PIERRE
GARY,GARY
TONY,TONY
WARREN,WARREN
SHAUN,SHAUN
MERLIN,MERLIN
MOHAMMED,MOHAMMED
SHERWOOD,SHERWOOD
JACK,JACK
ARCHIE,ARCHIE
DWAIN,DWAIN
SAMUEL,SAMUEL
LEON,LEON
JERRELL,JERRELL
SAMUAL,SAMUAL
RICHIE,RICHIE
TERRY,TERRY
CLAUD,CLAUD
ELLSWORTH,ELLSWORTH
VINCENZO,VINCENZO
LOUIS,LOUIS
EMERY,EMERY
JASPER,JASPER
LOUIE,LOUIE
JARRETT,JARRETT
EARLE,EARLE
ALVA,ALVA
MICHEL,MICHEL
RENATO,RENATO
DONTE,DONTE
MARVIN,MARVIN
OWEN,OWEN
IRWIN,IRWIN
JOSUE,JOSUE
SANTOS,SANTOS
MAURICE,MAURICE
STANLEY,STANLEY
NEVILLE,NEVILLE
THADDEUS,THADDEUS
KENNITH,KENNITH
JEFFEREY,JEFFEREY
DEMETRIUS,DEMETRIUS
FREDRICK,FREDRICK
FREDDY,FREDDY
HAYWOOD,HAYWOOD
EZEQUIEL,EZEQUIEL
SAM,SAM
SAL,SAL
DANIEL,DANIEL
JOE,JOE
MARTIN,MARTIN
SHELDON,SHELDON
JAY,JAY
CHI,CHI
AURELIO,AURELIO
JAE,JAE
QUINTIN,QUINTIN
REYNALDO,REYNALDO
BRITT,BRITT
CLAIR,CLAIR
RODGER,RODGER
GALEN,GALEN
KELVIN,KELVIN
EDMOND,EDMOND
DONALD,DONALD
ALEJANDRO,ALEJANDRO
GUILLERMO,GUILLERMO
JERE,JERE
WELDON,WELDON
NATHANIEL,NATHANIEL
HIRAM,HIRAM
DARYL,DARYL
ANTHONY,ANTHONY
MAN,MAN
KAREEM,KAREEM
BRADLY,BRADLY
ALBERTO,ALBERTO
SIDNEY,SIDNEY
WILFREDO,WILFREDO
LANE,LANE
JUSTIN,JUSTIN
EARNEST,EARNEST
PATRICK,PATRICK
MARCEL,MARCEL
JEREMY,JEREMY
CHANG,CHANG
RAYMOND,RAYMOND
AUSTIN,AUSTIN
PERRY,PERRY
AUGUST,AUGUST
ELIJAH,ELIJAH
WILBER,WILBER
DOMENIC,DOMENIC
CLAUDE,CLAUDE
ROBERTO,ROBERTO
SEAN,SEAN
JORDAN,JORDAN
REGGIE,REGGIE
MOSHE,MOSHE
HORACIO,HORACIO
DICK,DICK
NICK,NICK
BUFORD,BUFORD
CRAIG,CRAIG
EDISON,EDISON
PABLO,PABLO
DOMINICK,DOMINICK
FRANCIS,FRANCIS
MICHAL,MICHAL
LUKE,LUKE
BRANDON,BRANDON
NAPOLEON,NAPOLEON
ZACHARIAH,ZACHARIAH
ALEXANDER,ALEXANDER
RUBEN,RUBEN
RAYFORD,RAYFORD
PARIS,PARIS
VIRGIL,VIRGIL
BUD,BUD
NATHAN,NATHAN
VICTOR,VICTOR
CLEMENTE,CLEMENTE
BRUCE,BRUCE
FRITZ,FRITZ
KURT,KURT
LAVERN,LAVERN
GARFIELD,GARFIELD
TYRELL,TYRELL
REINALDO,REINALDO
CHUNG,CHUNG
EDGARDO,EDGARDO
GREG,GREG
FREDRIC,FREDRIC
TORY,TORY
DARRIN,DARRIN
AUBREY,AUBREY
TRENTON,TRENTON
MAJOR,MAJOR
BLAIR,BLAIR
MERLE,MERLE
NOE,NOE
MATTHEW,MATTHEW
HORACE,HORACE
DAMON,DAMON
JUAN,JUAN
ROCCO,ROCCO
GERALDO,GERALDO
DONNELL,DONNELL
HERIBERTO,HERIBERTO
WILBURN,WILBURN
ALI,ALI
SEYMOUR,SEYMOUR
HOWARD,HOWARD
ELISEO,ELISEO
KENDRICK,KENDRICK
ROYCE,ROYCE
PARKER,PARKER
MILLARD,MILLARD
ROMAN,ROMAN
LESTER,LESTER
SANG,SANG
MAXWELL,MAXWELL
DUDLEY,DUDLEY
FREDDIE,FREDDIE
EUGENE,EUGENE
JUDSON,JUDSON
MITCHEL,MITCHEL
ISIAH,ISIAH
MILAN,MILAN
DARON,DARON
LOYD,LOYD
ZACKARY,ZACKARY
CAMERON,CAMERON
JAYSON,JAYSON
TIMOTHY,TIMOTHY
HOYT,HOYT
QUINTON,QUINTON
MATT,MATT
HOSEA,HOSEA
COLTON,COLTON
JAMEL,JAMEL
STEPHEN,STEPHEN
JOSIAH,JOSIAH
HERSCHEL,HERSCHEL
CLAYTON,CLAYTON
KEVEN,KEVEN
RENE,RENE
ELLIS,ELLIS
HEATH,HEATH
CORY,CORY
CARMELO,CARMELO
JAVIER,JAVIER
JAROD,JAROD
WILLIAM,WILLIAM
EUSEBIO,EUSEBIO
GUSTAVO,GUSTAVO
GIOVANNI,GIOVANNI
WILBUR,WILBUR
ANGEL,ANGEL
ROBERT,ROBERT
KENTON,KENTON
TROY,TROY
LYNDON,LYNDON
SHON,SHON
RANDAL,RANDAL
FRANCISCO,FRANCISCO
MARGARITO,MARGARITO
GARRET,GARRET
ROLLAND,ROLLAND
RODOLFO,RODOLFO
THERON,THERON
NORMAND,NORMAND
DOMINIC,DOMINIC
ARNULFO,ARNULFO
GAYLORD,GAYLORD
SANTO,SANTO
FORREST,FORREST
RONNY,RONNY
MAURICIO,MAURICIO
VAN,VAN
VAL,VAL
CLIFTON,CLIFTON
RONNIE,RONNIE
WILL,WILL
DEREK,DEREK
FAUSTO,FAUSTO
CLYDE,CLYDE
JARRED,JARRED
BRENDAN,BRENDAN
DION,DION
WESLEY,WESLEY
GARRY,GARRY
JULIO,JULIO
CURTIS,CURTIS
TEODORO,TEODORO
RAPHAEL,RAPHAEL
LEMUEL,LEMUEL
AUGUSTINE,AUGUSTINE
SETH,SETH
REFUGIO,REFUGIO
DELBERT,DELBERT
WINFORD,WINFORD
WILLIE,WILLIE
SCOTTIE,SCOTTIE
HARRISON,HARRISON
DWAYNE,DWAYNE
CALVIN,CALVIN
DARRYL,DARRYL
BLAKE,BLAKE
EDWIN,EDWIN
WESTON,WESTON
DARREL,DARREL
DARREN,DARREN
HERMAN,HERMAN
TOBY,TOBY
ANDREW,ANDREW
KENNETH,KENNETH
ARDEN,ARDEN
ROYAL,ROYAL
JAMEY,JAMEY
NOBLE,NOBLE
RUSSEL,RUSSEL
RAY,RAY
GEORGE,GEORGE
COLIN,COLIN
JAMES,JAMES
FRANK,FRANK
NELSON,NELSON
IVAN,IVAN
SAMMY,SAMMY
KIP,KIP
DINO,DINO
ELWOOD,ELWOOD
CHESTER,CHESTER
COLE,COLE
SEBASTIAN,SEBASTIAN
PRESTON,PRESTON
LEONARD,LEONARD
JESUS,JESUS
EDDIE,EDDIE
ERASMO,ERASMO
GERARD,GERARD
RALPH,RALPH
NIGEL,NIGEL
EMIL,EMIL
WALTER,WALTER
TED,TED
FELTON,FELTON
MERVIN,MERVIN
ELOY,ELOY
ANDRES,ANDRES
KIETH,KIETH
VINCE,VINCE
EDDY,EDDY
ALFREDO,ALFREDO
BRAIN,BRAIN
JOHN,JOHN
CARY,CARY
CARL,CARL
DUNCAN,DUNCAN
ALONZO,ALONZO
GAVIN,GAVIN
JERALD,JERALD
CHARLIE,CHARLIE
MIQUEL,MIQUEL
BASIL,BASIL
LARRY,LARRY
ANTON,ANTON
NESTOR,NESTOR
JULIAN,JULIAN
DANIAL,DANIAL
WALLY,WALLY
MICHEAL,MICHEAL
SUNG,SUNG
JACQUES,JACQUES
NATHANIAL,NATHANIAL
JERROD,JERROD
WILTON,WILTON
QUENTIN,QUENTIN
BART,BART
WM,WM
FLETCHER,FLETCHER
ABRAM,ABRAM
OMAR,OMAR
HAI,HAI
VANCE,VANCE
HAL,HAL
MARCUS,MARCUS
DANTE,DANTE
TYLER,TYLER
FREEMAN,FREEMAN
ALFONZO,ALFONZO
DUANE,DUANE
CARLTON,CARLTON
MEL,MEL
ROSS,ROSS
RUDY,RUDY
DYLAN,DYLAN
EDMUND,EDMUND
DENNIS,DENNIS
ARLIE,ARLIE
BUSTER,BUSTER
TREVOR,TREVOR
OLEN,OLEN
SCOTT,SCOTT
ESTEBAN,ESTEBAN
HOMER,HOMER
SANFORD,SANFORD
ELLIOT,ELLIOT
BOBBY,BOBBY
BERNARD,BERNARD
ALVIN,ALVIN
LORENZO,LORENZO
WINSTON,WINSTON
DOUGLASS,DOUGLASS
ISRAEL,ISRAEL
CORNELL,CORNELL
NEWTON,NEWTON
DAVE,DAVE
LAWERENCE,LAWERENCE
ELBERT,ELBERT
DWIGHT,DWIGHT
RICK,RICK
ELMER,ELMER
TITUS,TITUS
BRIAN,BRIAN
GREGORY,GREGORY
RUFUS,RUFUS
CASEY,CASEY
SHERMAN,SHERMAN
BARTON,BARTON
DEAN,DEAN
JON,JON
IGNACIO,IGNACIO
RUBIN,RUBIN
VINCENT,VINCENT
LYMAN,LYMAN
JONATHAN,JONATHAN
JARVIS,JARVIS
BROOKS,BROOKS
JULES,JULES
JIMMIE,JIMMIE
TRISTAN,TRISTAN
COLLIN,COLLIN
ROSENDO,ROSENDO
JOSE,JOSE
WILSON,WILSON
JOSH,JOSH
CHRISTOPHER,CHRISTOPHER
SHAWN,SHAWN
WALKER,WALKER
NEIL,NEIL
GRANT,GRANT
MONTE,MONTE
RAYMUNDO,RAYMUNDO
CRISTOBAL,CRISTOBAL
ALLEN,ALLEN
ISREAL,ISREAL
EZEKIEL,EZEKIEL
HUNG,HUNG
ANDREAS,ANDREAS
BURL,BURL
CAREY,CAREY
BURT,BURT
LUIGI,LUIGI
LANNY,LANNY
HOUSTON,HOUSTON
WENDELL,WENDELL
CECIL,CECIL
MICKEY,MICKEY
JERAMY,JERAMY
BRYCE,BRYCE
BOYD,BOYD
WILLARD,WILLARD
DARIUS,DARIUS
CORNELIUS,CORNELIUS
ELDEN,ELDEN
IRVING,IRVING
BRENTON,BRENTON
TERRANCE,TERRANCE
SANTIAGO,SANTIAGO
ISIDRO,ISIDRO
WYATT,WYATT
ROMEO,ROMEO
LYLE,LYLE
JESSE,JESSE
THURMAN,THURMAN
ELI,ELI
LUTHER,LUTHER
ALPHONSO,ALPHONSO
ALPHONSE,ALPHONSE
LEE,LEE
ETHAN,ETHAN
LEN,LEN
LEO,LEO
BOOKER,BOOKER
FRANKLIN,FRANKLIN
BERNIE,BERNIE
ORVAL,ORVAL
EUGENIO,EUGENIO
HUBERT,HUBERT
VALENTINE,VALENTINE
BRET,BRET
ALFRED,ALFRED
WALDO,WALDO
TOMMIE,TOMMIE
TOBIAS,TOBIAS
RICKY,RICKY
WILLIAMS,WILLIAMS
HARVEY,HARVEY
JACOB,JACOB
DALE,DALE
BENNETT,BENNETT
LAMONT,LAMONT
STEPHAN,STEPHAN
GEOFFREY,GEOFFREY
ROSCOE,ROSCOE
TAD,TAD
WILFRED,WILFRED
JIM,JIM
BENNY,BENNY
FEDERICO,FEDERICO
ROGER,ROGER
GIL,GIL
KIRK,KIRK
SHANE,SHANE
FREDERIC,FREDERIC
RICO,RICO
HERSHEL,HERSHEL
GUS,GUS
MARCELO,MARCELO
BLAINE,BLAINE
BEAU,BEAU
CARROLL,CARROLL
SHAD,SHAD
ARON,ARON
WARNER,WARNER
STEFAN,STEFAN
DERRICK,DERRICK
DAVID,DAVID
HENRY,HENRY
DOUGLAS,DOUGLAS
DALLAS,DALLAS
QUINN,QUINN
AARON,AARON
HARLAN,HARLAN
DEON,DEON
LEWIS,LEWIS
MARTY,MARTY
REY,REY
TEDDY,TEDDY
KURTIS,KURTIS
LANCE,LANCE
RODRICK,RODRICK
CLAY,CLAY
JOHNIE,JOHNIE
BORIS,BORIS
COREY,COREY
RODRIGO,RODRIGO
RICKEY,RICKEY
JORDON,JORDON
JUDE,JUDE
NOEL,NOEL
JOSHUA,JOSHUA
JERMAINE,JERMAINE
BRETT,BRETT
HUNTER,HUNTER
ORVILLE,ORVILLE
MOISES,MOISES
JEFFREY,JEFFREY
DILLON,DILLON
STUART,STUART
DESHAWN,DESHAWN
OSWALDO,OSWALDO
EFRAIN,EFRAIN
DAVIS,DAVIS
CLARK,CLARK
GLENN,GLENN
JAMAAL,JAMAAL
DEWITT,DEWITT
DENIS,DENIS
ADRIAN,ADRIAN
MAURO,MAURO
DANILO,DANILO
AUGUSTUS,AUGUSTUS
LINO,LINO
REED,REED
CURT,CURT
SON,SON
TONEY,TONEY
OREN,OREN
LONG,LONG
ARTHUR,ARTHUR
PORTER,PORTER
HYMAN,HYMAN
BILLY,BILLY
ARTURO,ARTURO
CHASE,CHASE
MARCELINO,MARCELINO
FREDERICK,FREDERICK
DORIAN,DORIAN
EDMUNDO,EDMUNDO
LON,LON
BRYANT,BRYANT
OSCAR,OSCAR
ADAM,ADAM
ADAN,ADAN
WILMER,WILMER
KENETH,KENETH
WAYLON,WAYLON
BENJAMIN,BENJAMIN
KENDALL,KENDALL
ED,ED
CORDELL,CORDELL
KERRY,KERRY
WILEY,WILEY
RUSTY,RUSTY
ELTON,ELTON
ELROY,ELROY
MCKINLEY,MCKINLEY
HARLAND,HARLAND
IRA,IRA
ADALBERTO,ADALBERTO
AMADO,AMADO
DON,DON
FRANKIE,FRANKIE
MALCOM,MALCOM
BRYAN,BRYAN
LINCOLN,LINCOLN
NICKY,NICKY
MARSHALL,MARSHALL
BERRY,BERRY
XAVIER,XAVIER
MORTON,MORTON
ENRIQUE,ENRIQUE
KEN,KEN
BRYON,BRYON
ISMAEL,ISMAEL
STERLING,STERLING
HUMBERTO,HUMBERTO
CHADWICK,CHADWICK
ROCKY,ROCKY
DARIO,DARIO
BARRY,BARRY
THANH,THANH
GUY,GUY
ISAAC,ISAAC
PORFIRIO,PORFIRIO
NORBERT,NORBERT
KYLE,KYLE
BRADY,BRADY
CESAR,CESAR
GERRY,GERRY
WINFRED,WINFRED
TAYLOR,TAYLOR
TYRON,TYRON
FLORENCIO,FLORENCIO
ABRAHAM,ABRAHAM
DELMAR,DELMAR
JORGE,JORGE
HAYDEN,HAYDEN
DEMARCUS,DEMARCUS
ROLF,ROLF
WILLY,WILLY
ERNIE,ERNIE
MALCOLM,MALCOLM
AHMED,AHMED
JEROLD,JEROLD
ISAIAH,ISAIAH
MONROE,MONROE
JC,JC
ULYSSES,ULYSSES
CHARLES,CHARLES
RAMON,RAMON
SPENCER,SPENCER
AGUSTIN,AGUSTIN
IAN,IAN
BRODERICK,BRODERICK
HARLEY,HARLEY
ZACHARY,ZACHARY
ALBERT,ALBERT
DARRICK,DARRICK
TIM,TIM
ALDEN,ALDEN
JONATHON,JONATHON
ZACK,ZACK
ANTONIO,ANTONIO
JAKE,JAKE
RYAN,RYAN
BOB,BOB
ISSAC,ISSAC
MODESTO,MODESTO
KOREY,KOREY
RANDELL,RANDELL
SCOTTY,SCOTTY
MASON,MASON
WAYNE,WAYNE
MONTY,MONTY
DARWIN,DARWIN
SOL,SOL
BRICE,BRICE
MOHAMED,MOHAMED
MARIO,MARIO
ADOLPH,ADOLPH
JERRY,JERRY
MURRAY,MURRAY
VICENTE,VICENTE
MARCOS,MARCOS
DARIN,DARIN
OMER,OMER
LUCIO,LUCIO
TERRENCE,TERRENCE
DALTON,DALTON
REYES,REYES
GREGORIO,GREGORIO
STANTON,STANTON
BRANDEN,BRANDEN
MANUAL,MANUAL
BYRON,BYRON
CHUCK,CHUCK
HARRIS,HARRIS
CLETUS,CLETUS
RAMIRO,RAMIRO
COLBY,COLBY
LUIS,LUIS
ARLEN,ARLEN
MARLON,MARLON
ODELL,ODELL
ADOLFO,ADOLFO
OLIN,OLIN
JONAS,JONAS
GILBERTO,GILBERTO
MARQUIS,MARQUIS
LEROY,LEROY
LEVI,LEVI
MIKEL,MIKEL
FAUSTINO,FAUSTINO
OSVALDO,OSVALDO
LOGAN,LOGAN
LOREN,LOREN
RASHAD,RASHAD
FLOYD,FLOYD
MATHEW,MATHEW
LUCIUS,LUCIUS
FOSTER,FOSTER
RALEIGH,RALEIGH
JOESPH,JOESPH
BENITO,BENITO
GARTH,GARTH
PHILIP,PHILIP
JUNIOR,JUNIOR
BRENDON,BRENDON
REGINALD,REGINALD
CALEB,CALEB
ANGELO,ANGELO
EDUARDO,EDUARDO
LAZARO,LAZARO
CHANCE,CHANCE
PEDRO,PEDRO
DEL,DEL
KORY,KORY
CRISTOPHER,CRISTOPHER
LANDON,LANDON
TODD,TODD
SCOT,SCOT
ERNESTO,ERNESTO
PHILLIP,PHILLIP
DEWEY,DEWEY
BROCK,BROCK
JEROMY,JEROMY
LUCAS,LUCAS
ERROL,ERROL
STEVEN,STEVEN
EMILIO,EMILIO
ANTOINE,ANTOINE
LUCIEN,LUCIEN
VITO,VITO
GORDON,GORDON
JEROME,JEROME
HOBERT,HOBERT
KENT,KENT
MICHALE,MICHALE
WILLIS,WILLIS
DARNELL,DARNELL
THEODORE,THEODORE
NED,NED
PALMER,PALMER
MILO,MILO
RIGOBERTO,RIGOBERTO
GENARO,GENARO
GARLAND,GARLAND
PHIL,PHIL
CLAUDIO,CLAUDIO
DARRON,DARRON
TYSON,TYSON
VERN,VERN
MITCHELL,MITCHELL
BENNIE,BENNIE
DERICK,DERICK
TY,TY
MERRILL,MERRILL
GERALD,GERALD
AMOS,AMOS
LONNY,LONNY
ABDUL,ABDUL
NATHANAEL,NATHANAEL
JOSEF,JOSEF
RICH,RICH
DEXTER,DEXTER
SALVADOR,SALVADOR
TOMMY,TOMMY
DAMION,DAMION
FRANCESCO,FRANCESCO
WILLIAN,WILLIAN
BRENT,BRENT
REUBEN,REUBEN
REX,REX
AL,AL
ARNOLD,ARNOLD
OCTAVIO,OCTAVIO
RON,RON
ALTON,ALTON
BENEDICT,BENEDICT
ELVIS,ELVIS
MYRON,MYRON
JOSEPH,JOSEPH
ELVIN,ELVIN
ISAIAS,ISAIAS
MIKE,MIKE
BUDDY,BUDDY
CHET,CHET
CYRUS,CYRUS
TRAVIS,TRAVIS
RANDY,RANDY
FILIBERTO,FILIBERTO
LUCIANO,LUCIANO
MOSES,MOSES
SALVATORE,SALVATORE
ALDO,ALDO
CORTEZ,CORTEZ
DUSTY,DUSTY
ORLANDO,ORLANDO
DREW,DREW
EVAN,EVAN
LIONEL,LIONEL
RAYMON,RAYMON
ROBT,ROBT
RODNEY,RODNEY
CARSON,CARSON
OTIS,OTIS
GROVER,GROVER
CARLOS,CARLOS
CODY,CODY
DENVER,DENVER
JEFFERY,JEFFERY
NICKOLAS,NICKOLAS
ERICK,ERICK
ERICH,ERICH
CHARLEY,CHARLEY
JOSPEH,JOSPEH
JOAQUIN,JOAQUIN
JOHNATHON,JOHNATHON
KERMIT,KERMIT
WALTON,WALTON
JULIUS,JULIUS
STEVE,STEVE
RHETT,RHETT
JERROLD,JERROLD
SHAYNE,SHAYNE
JAIME,JAIME
LAMAR,LAMAR
OLIVER,OLIVER
NORBERTO,NORBERTO
FERDINAND,FERDINAND
CLINTON,CLINTON
LOWELL,LOWELL
CLARENCE,CLARENCE
FRANKLYN,FRANKLYN
SAMMIE,SAMMIE
DIEGO,DIEGO
JIMMY,JIMMY
JED,JED
KENNY,KENNY
MELVIN,MELVIN
IVORY,IVORY
MARC,MARC
JAMISON,JAMISON
JASON,JASON
MARK,MARK
ENOCH,ENOCH
GASTON,GASTON
TOM,TOM
WADE,WADE
HIPOLITO,HIPOLITO
MILFORD,MILFORD
GRAHAM,GRAHAM
HUGO,HUGO
HUGH,HUGH
RAFAEL,RAFAEL
TOD,TOD
TRENT,TRENT
DEANGELO,DEANGELO
LENARD,LENARD
ABE,ABE
BRADFORD,BRADFORD
WES,WES
EFREN,EFREN
MIGUEL,MIGUEL
OTTO,OTTO
ROBBY,ROBBY
HILARIO,HILARIO
SID,SID
DOUG,DOUG
DEANDRE,DEANDRE
CYRIL,CYRIL
LEONEL,LEONEL
MARLIN,MARLIN
BRADLEY,BRADLEY
FABIAN,FABIAN
CARLO,CARLO
ARMAND,ARMAND
JEREMIAH,JEREMIAH
DARELL,DARELL
RICKIE,RICKIE
VAUGHN,VAUGHN
MILES,MILES
HERBERT,HERBERT
JEFFERSON,JEFFERSON
CONRAD,CONRAD
DOMINGO,DOMINGO
BOYCE,BOYCE
DEVIN,DEVIN
DAMIAN,DAMIAN
DANNY,DANNY
ELIAS,ELIAS
CEDRICK,CEDRICK
STAN,STAN
JOHNNIE,JOHNNIE
JAME,JAME
GRANVILLE,GRANVILLE
RUSS,RUSS
AMBROSE,AMBROSE
CARTER,CARTER
GARRETT,GARRETT
ERWIN,ERWIN
SHELTON,SHELTON
RAUL,RAUL
GILBERT,GILBERT
FLORENTINO,FLORENTINO
GLEN,GLEN
LINWOOD,LINWOOD
FERMIN,FERMIN
CHAD,CHAD
BERTRAM,BERTRAM
CHAS,CHAS
JARROD,JARROD
TYREE,TYREE
CARMINE,CARMINE
STEWART,STEWART
JACINTO,JACINTO
GERARDO,GERARDO
TYRONE,TYRONE
ASA,ASA
DARRELL,DARRELL
SYLVESTER,SYLVESTER
NUMBERS,NUMBERS
LELAND,LELAND
HERB,HERB
ROGELIO,ROGELIO
BERNARDO,BERNARDO
MILTON,MILTON
EMMANUEL,EMMANUEL
STEVIE,STEVIE
WOODROW,WOODROW
DANE,DANE
CLINT,CLINT
MINH,MINH
COLUMBUS,COLUMBUS
DANNIE,DANNIE
VERNON,VERNON
VIRGILIO,VIRGILIO
MARCELLUS,MARCELLUS
FIDEL,FIDEL
ZANE,ZANE
GRAIG,GRAIG
SIMON,SIMON
VALENTIN,VALENTIN
WARD,WARD
GENE,GENE
GRADY,GRADY
MARKUS,MARKUS
IRVIN,IRVIN
RENALDO,RENALDO
MAYNARD,MAYNARD
ROOSEVELT,ROOSEVELT
EMERSON,EMERSON
JOHNSON,JOHNSON
RUPERT,RUPERT
WILFORD,WILFORD
NOAH,NOAH
SILAS,SILAS
LAWRENCE,LAWRENCE
ANDRE,ANDRE
RORY,RORY
LEANDRO,LEANDRO
KEITH,KEITH
RUEBEN,RUEBEN
JEFFRY,JEFFRY
BURTON,BURTON
RICARDO,RICARDO
COY,COY
AHMAD,AHMAD
ELDRIDGE,ELDRIDGE
ELDON,ELDON
HILTON,HILTON
LEONARDO,LEONARDO
NICOLAS,NICOLAS
DAREN,DAREN
EVERETTE,EVERETTE
EMANUEL,EMANUEL
RODERICK,RODERICK
SOLOMON,SOLOMON
ARMANDO,ARMANDO
TOMAS,TOMAS
MYLES,MYLES
TUAN,TUAN
LES,LES
TERRELL,TERRELL
DELMER,DELMER
DENNY,DENNY
DONNIE,DONNIE
DONNY,DONNY
ALVARO,ALVARO
DEVON,DEVON
CLIFFORD,CLIFFORD
LONNIE,LONNIE
AVERY,AVERY
LAURENCE,LAURENCE
EDWARD,EDWARD
ZACHERY,ZACHERY
LEIF,LEIF
THEO,THEO
OTHA,OTHA
RILEY,RILEY
CEDRIC,CEDRIC
ERNEST,ERNEST
EVERETT,EVERETT
JEFF,JEFF
NOLAN,NOLAN
ANDY,ANDY
IKE,IKE
EZRA,EZRA
WALLACE,WALLACE
GERMAN,GERMAN
FRED,FRED
ELLIOTT,ELLIOTT
BILL,BILL
JOHNATHAN,JOHNATHAN
SONNY,SONNY
RANDALL,RANDALL
DEWAYNE,DEWAYNE
BRUNO,BRUNO
DORSEY,DORSEY
COLEMAN,COLEMAN
NORRIS,NORRIS
BUCK,BUCK
KARL,KARL
KRISTOPHER,KRISTOPHER
LYNWOOD,LYNWOOD
GABRIEL,GABRIEL
KIRBY,KIRBY
MOHAMMAD,MOHAMMAD
BENTON,BENTON
JARED,JARED
TRUMAN,TRUMAN
ART,ART
TIMMY,TIMMY
MAXIMO,MAXIMO
GINO,GINO
KEVIN,KEVIN
BARRETT,BARRETT
JAMAR,JAMAR
ANIBAL,ANIBAL
BO,BO
DIRK,DIRK
JAMAL,JAMAL
ANTIONE,ANTIONE
GREGG,GREGG
PRINCE,PRINCE
DAMIEN,DAMIEN
MORRIS,MORRIS
ERVIN,ERVIN
GIUSEPPE,GIUSEPPE
HUEY,HUEY
ODIS,ODIS
ARRON,ARRON
RONALD,RONALD
FELIPE,FELIPE
PETER,PETER
STANFORD,STANFORD
TREY,TREY
MARIANO,MARIANO
MANUEL,MANUEL
SAUL,SAUL
RUDOLF,RUDOLF
ANTWAN,ANTWAN
SERGIO,SERGIO
KING,KING
ROB,ROB
LENNY,LENNY
ROD,ROD
ALLAN,ALLAN
ROY,ROY
ROLAND,ROLAND
NICHOLAS,NICHOLAS
LEOPOLDO,LEOPOLDO
ELMO,ELMO
MICHAEL,MICHAEL
JONAH,JONAH
CRUZ,CRUZ
REID,REID
THAD,THAD
VON,VON
GONZALO,GONZALO
CLEVELAND,CLEVELAND
KRISTOFER,KRISTOFER
CLIFF,CLIFF
ALAN,ALAN
DESMOND,DESMOND
ARNOLDO,ARNOLDO
MICAH,MICAH
FELIX,FELIX
FERNANDO,FERNANDO
LLOYD,LLOYD
ANDERSON,ANDERSON
CHAUNCEY,CHAUNCEY
DOYLE,DOYLE
RUDOLPH,RUDOLPH
THOMAS,THOMAS
WERNER,WERNER
PAUL,PAUL
TANNER,TANNER
DUSTIN,DUSTIN
EDWARDO,EDWARDO
DONG,DONG
KRAIG,KRAIG
BERT,BERT
ALEC,ALEC
ABEL,ABEL
ROLANDO,ROLANDO
MALIK,MALIK
PETE,PETE
MITCH,MITCH
DAN,DAN
FOREST,FOREST
DONN,DONN
MOSE,MOSE
RUSSELL,RUSSELL
ALONSO,ALONSO
BRAD,BRAD
HASSAN,HASSAN
MARCO,MARCO
EMMITT,EMMITT
HARRY,HARRY
MACK,MACK
QUINCY,QUINCY
EMILE,EMILE
PERCY,PERCY
PASQUALE,PASQUALE
EMMETT,EMMETT
LARS,LARS
